rt,lsufballtruth,coach,o,just,dumb,cajun,recruited,top,qb,cfb,hired,top,young,offensive,mind,scoring,
rt,jacquesdoucet,walked,hornets,nest,two,years,ago,ready,lsu,coach,o,says,expects,mississippi,state,
rt,lsufballtruth,coach,o,just,dumb,cajun,recruited,top,qb,cfb,hired,top,young,offensive,mind,1,scoring,
geauxtigers,lsu,https,t.co,cfszi82mme,2019,ita,women's,southern,regional,results,day,one,
rt,lsufballtruth,coach,o,just,dumb,cajun,recruited,top,qb,cfb,hired,top,young,offensive,mind,1,scoring,
rt,lsufballtruth,heisman,goes,joe,burrow,lsu,2157,total,yds,359.5,yds,g,218.11,rating,tua,tagovailo,
rt,lsufballtruth,coach,o,just,dumb,cajun,recruited,top,qb,cfb,hired,top,young,offensive,mind,1,scoring,
rt,lsu,midterms,upon,us,it’s,essential,find,great,place,study,lsu,https,t.co,htlefq7xyd,
rt,lsufballtruth,coach,o,just,dumb,cajun,recruited,top,qb,cfb,hired,top,young,offensive,mind,1,scoring,
rt,jacquesdoucet,wafbweather,app,tells,forecast,lsu,mississippi,state,improving,russellgrant23,https,t.co,hnheld,
rt,lsufballtruth,coach,o,just,dumb,cajun,recruited,top,qb,cfb,hired,top,young,offensive,mind,1,scoring,
rt,lsufballtruth,heisman,goes,joe,burrow,lsu,2157,total,yds,359.5,yds,g,218.11,rating,tua,tagovailo,
rt,lsufballtruth,coach,o,just,dumb,cajun,recruited,top,qb,cfb,hired,top,young,offensive,mind,1,scoring,
rt,rabalaisadv,lsu,bowl,projections,week,8,tigers,pick,another,cfp,semifinal,pick,florida,win,https,t.co,3gke2bvksr,
rt,lsufballtruth,coach,o,just,dumb,cajun,recruited,top,qb,cfb,hired,top,young,offensive,mind,1,scoring,
rt,jacquesdoucet,moffitt,mood,wednesday,lsu,https,t.co,hwom0yomh2,
wafbweather,app,tells,forecast,lsu,mississippi,state,improving,russellgrant23,https,t.co,hnheldvuvf,
rt,lsufballtruth,lsu’s,historic,2003,team,https,t.co,ay06fmmwdl,
rt,lsufballtruth,coach,o,just,dumb,cajun,recruited,top,qb,cfb,hired,top,young,offensive,mind,1,scoring,
rt,lsufballtruth,coach,o,just,dumb,cajun,recruited,top,qb,cfb,hired,top,young,offensive,mind,1,scoring,
rt,lsufballtruth,coach,o,just,dumb,cajun,recruited,top,qb,cfb,hired,top,young,offensive,mind,1,scoring,
lsu's,arkansas,the1realmccoy_,amp,jocee_ht,slingshotimalandshark,sasuagemcmuffin's,kritiquingboardwalks,bottlepoppin,
rt,lsufballtruth,coach,o,just,dumb,cajun,recruited,top,qb,cfb,hired,top,young,offensive,mind,1,scoring,
rt,lsufballtruth,coach,o,just,dumb,cajun,recruited,top,qb,cfb,hired,top,young,offensive,mind,1,scoring,
lsu,bowl,projections,week,8,tigers,pick,another,cfp,semifinal,pick,florida,win,https,t.co,3gke2bvksr,
rt,lsufballtruth,coach,o,just,dumb,cajun,recruited,top,qb,cfb,hired,top,young,offensive,mind,1,scoring,
rt,lsufballtruth,coach,o,just,dumb,cajun,recruited,top,qb,cfb,hired,top,young,offensive,mind,1,scoring,
rt,pguy_77,second,best,team,lsu,history,much,fun,watch,https,t.co,qxpwrvc80f,
rt,lsufballtruth,coach,o,just,dumb,cajun,recruited,top,qb,cfb,hired,top,young,offensive,mind,1,scoring,
rt,lsufballtruth,coach,o,just,dumb,cajun,recruited,top,qb,cfb,hired,top,young,offensive,mind,1,scoring,
rt,lsufballtruth,coach,o,just,dumb,cajun,recruited,top,qb,cfb,hired,top,young,offensive,mind,1,scoring,
five,lsu,players,watch,mississippi,state,burrow,aims,record,books,first,look,freshme,https,t.co,eri8oinkse,
rt,lsufballtruth,heisman,goes,joe,burrow,lsu,2157,total,yds,359.5,yds,g,218.11,rating,tua,tagovailo,
rt,lsufbrecruiting,one,many,reasons,choose,come,lsu,bayoubreed20,bayoubu21ness,https,t.co,mfj918nbjf,
rt,lsufballtruth,coach,o,just,dumb,cajun,recruited,top,qb,cfb,hired,top,young,offensive,mind,1,scoring,
rt,lsufballtruth,coach,o,just,dumb,cajun,recruited,top,qb,cfb,hired,top,young,offensive,mind,1,scoring,
rt,lsufballtruth,coach,o,just,dumb,cajun,recruited,top,qb,cfb,hired,top,young,offensive,mind,1,scoring,
rt,lsufballtruth,coach,o,just,dumb,cajun,recruited,top,qb,cfb,hired,top,young,offensive,mind,1,scoring,
rt,lsufballtruth,coach,o,just,dumb,cajun,recruited,top,qb,cfb,hired,top,young,offensive,mind,1,scoring,
rt,lsufballtruth,coach,o,just,dumb,cajun,recruited,top,qb,cfb,hired,top,young,offensive,mind,1,scoring,
rt,lsufballtruth,coach,o,just,dumb,cajun,recruited,top,qb,cfb,hired,top,young,offensive,mind,1,scoring,
rt,lsufballtruth,coach,o,just,dumb,cajun,recruited,top,qb,cfb,hired,top,young,offensive,mind,1,scoring,
rt,sheadixon,cbssports,mid,season,americans,lsu,landed,four,players,first,team,including,lone,true,freshma,
rt,lsufballtruth,coach,o,just,dumb,cajun,recruited,top,qb,cfb,hired,top,young,offensive,mind,1,scoring,
rt,lsufballtruth,coach,o,just,dumb,cajun,recruited,top,qb,cfb,hired,top,young,offensive,mind,1,scoring,
rt,lsufballtruth,coach,o,just,dumb,cajun,recruited,top,qb,cfb,hired,top,young,offensive,mind,1,scoring,
rt,lsufballtruth,coach,o,just,dumb,cajun,recruited,top,qb,cfb,hired,top,young,offensive,mind,1,scoring,
rt,tommykrysan,listen,recent,episode,podcast,lsu,football,update,2,thumbs,https,t.co,q9gfispgg2,podcas,
rt,lsutigersvoice,conversation,week,hearing,voices,hailstatevoice,puts,radio,broadcast,perspective,
rt,lsutigersvoice,conversation,week,hearing,voices,hailstatevoice,puts,radio,broadcast,perspective,
bulldog,faithful,proud,team,win,lose,just,make,sure,kick,lsu,ass,saturday,https,t.co,sjecxaywu9,
rt,lsufballtruth,coach,o,just,dumb,cajun,recruited,top,qb,cfb,hired,top,young,offensive,mind,1,scoring,
rt,lsufballtruth,heisman,goes,joe,burrow,lsu,2157,total,yds,359.5,yds,g,218.11,rating,tua,tagovailo,
rt,lsufballtruth,coach,o,just,dumb,cajun,recruited,top,qb,cfb,hired,top,young,offensive,mind,1,scoring,
rt,lsufballtruth,coach,o,just,dumb,cajun,recruited,top,qb,cfb,hired,top,young,offensive,mind,1,scoring,
rt,lsufballtruth,coach,o,just,dumb,cajun,recruited,top,qb,cfb,hired,top,young,offensive,mind,1,scoring,
rt,lsufballtruth,coach,o,just,dumb,cajun,recruited,top,qb,cfb,hired,top,young,offensive,mind,1,scoring,
rt,lsufballtruth,coach,o,just,dumb,cajun,recruited,top,qb,cfb,hired,top,young,offensive,mind,1,scoring,
rt,therick1041,digital,doodle,lloyd,cushenberry,lsu,lsufootball,geauxtigers,lcush79,https,t.co,2xd1cthhba,
rt,samspiegs,denton,guyer,ath,kj,liggins,iamkeithliggins,getting,acclimated,new,offense,also,surveying,hi,
rt,lsufballtruth,coach,o,just,dumb,cajun,recruited,top,qb,cfb,hired,top,young,offensive,mind,1,scoring,
rt,lsufballtruth,coach,o,just,dumb,cajun,recruited,top,qb,cfb,hired,top,young,offensive,mind,1,scoring,
rt,lsufballtruth,coach,o,just,dumb,cajun,recruited,top,qb,cfb,hired,top,young,offensive,mind,1,scoring,
rt,lsufballtruth,coach,o,just,dumb,cajun,recruited,top,qb,cfb,hired,top,young,offensive,mind,1,scoring,
rt,lsufballtruth,coach,o,just,dumb,cajun,recruited,top,qb,cfb,hired,top,young,offensive,mind,1,scoring,
rt,lsufballtruth,coach,o,just,dumb,cajun,recruited,top,qb,cfb,hired,top,young,offensive,mind,1,scoring,
rt,lsufballtruth,coach,o,just,dumb,cajun,recruited,top,qb,cfb,hired,top,young,offensive,mind,1,scoring,
rt,lsufballtruth,heisman,goes,joe,burrow,lsu,2157,total,yds,359.5,yds,g,218.11,rating,tua,tagovailo,
rt,sheadixon,want,know,lsu's,staff,loves,4,star,lb,commit,josh,white,33jwhite,much,one,look,midseason,highlights,f,
rt,lsufballtruth,coach,o,just,dumb,cajun,recruited,top,qb,cfb,hired,top,young,offensive,mind,1,scoring,
rt,lsufballtruth,coach,o,just,dumb,cajun,recruited,top,qb,cfb,hired,top,young,offensive,mind,1,scoring,
rt,lsufballtruth,coach,o,just,dumb,cajun,recruited,top,qb,cfb,hired,top,young,offensive,mind,1,scoring,
rt,jacquesdoucet,tolerate,violating,louisiana,camels,evil,twin,tells,coach,o,lsu,win,great,
rt,lsufballtruth,coach,o,just,dumb,cajun,recruited,top,qb,cfb,hired,top,young,offensive,mind,1,scoring,
who’s,still,campus,lsu,
rt,lsufballtruth,coach,o,just,dumb,cajun,recruited,top,qb,cfb,hired,top,young,offensive,mind,1,scoring,
rt,lsufballtruth,heisman,goes,joe,burrow,lsu,2157,total,yds,359.5,yds,g,218.11,rating,tua,tagovailo,
rt,lsufballtruth,coach,o,just,dumb,cajun,recruited,top,qb,cfb,hired,top,young,offensive,mind,1,scoring,
rt,lsufballtruth,coach,o,just,dumb,cajun,recruited,top,qb,cfb,hired,top,young,offensive,mind,1,scoring,
heisman,goes,joe,burrow,lsu,2157,total,yds,359.5,yds,g,218.11,rating,tua,tago,https,t.co,5iirjp0m3w,
rt,lsufballtruth,coach,o,just,dumb,cajun,recruited,top,qb,cfb,hired,top,young,offensive,mind,1,scoring,
rt,lsufballtruth,coach,o,just,dumb,cajun,recruited,top,qb,cfb,hired,top,young,offensive,mind,1,scoring,
rt,lsufballtruth,coach,o,just,dumb,cajun,recruited,top,qb,cfb,hired,top,young,offensive,mind,1,scoring,
rt,bkubena,2,lsu,grade,midseason,rabalaisadv,hands,position,position,evaluations,gave,joe,burrow,
rt,jacquesdoucet,moffitt,mood,wednesday,lsu,https,t.co,hwom0yomh2,
rt,jacquesdoucet,moffitt,mood,wednesday,lsu,https,t.co,hwom0yomh2,
rt,lsufballtruth,sec,total,offense,rankings,lsu,1,561.0,yards,g,msu,12,376.2,yards,g,lsu,vs,msu,
rt,tigerdroppings,espn,heisman,watch,lsu's,joe,burrow,takes,1,spot,https,t.co,senqmggkay,https,t.co,4rfdv1olhi,
rt,jacquesdoucet,tolerate,violating,louisiana,camels,evil,twin,tells,coach,o,lsu,win,great,
rt,lsufballtruth,coach,o,just,dumb,cajun,recruited,top,qb,cfb,hired,top,young,offensive,mind,1,scoring,
rt,samspiegs,lsu,first,offer,atascocita,rb,quincy,thompson,spring,sept,1,hit,schools,like,usc,fighton,m,
rt,lsufballtruth,coach,o,just,dumb,cajun,recruited,top,qb,cfb,hired,top,young,offensive,mind,1,scoring,
rt,lsufballtruth,lsu’s,historic,2003,team,https,t.co,ay06fmmwdl,
rt,lsufballtruth,florida,real,dbu,lsu,https,t.co,0arcaoetr9,
rt,samspiegs,denton,guyer,ath,kj,liggins,iamkeithliggins,getting,acclimated,new,offense,also,surveying,hi,
rt,jacquesdoucet,moffitt,mood,wednesday,lsu,https,t.co,hwom0yomh2,
rt,dakotacmitchell,beyond,blessed,receive,offer,louisiana,state,university,lsu,geauxtigers,cdangelo_lsu,coachhoats,h,
rt,bkubena,2,lsu,grade,midseason,rabalaisadv,hands,position,position,evaluations,gave,joe,burrow,
2,lsu,grade,midseason,rabalaisadv,hands,position,position,evaluations,gave,https,t.co,npqk7ylqch,
rt,lsufballtruth,coach,o,just,dumb,cajun,recruited,top,qb,cfb,hired,top,young,offensive,mind,1,scoring,
