rt,jacquesdoucet,lsu,joe,burrow,calls,vanderbilt,win,worst,game,played,season,burrow,threw,touchdown,passes,new,
rt,jacquesdoucet,lsu,joe,burrow,calls,vanderbilt,win,worst,game,played,season,burrow,threw,6,touchdown,passes,new,
rt,richeisenshow,story,collegefootball,first,four,weeks,brucefeldmancfb,dropped,couple,that’s,caught,
rt,pguy_77,joe,burrow,breaks,lsu,record,passing,tds,it’s,worst,game,year,woah,https,t.co,tpyavaxvuw,
ed,orgeron's,asked,caller,joe,burrow,next,new,orleans,saints,quarterback,orgeron,says,mak,https,t.co,pcxhpopgf2,
taught,never,fold,never,give,lsu,https,t.co,c0dvrrap29,
rt,bkubena,lsu,quarterback,joe,burrow,said,record,breaking,performance,vanderbilt,worst,game,season,https,
ed,orgeron,says,want,comes,run,game,steve,ensminger,put,https,t.co,rqjvlgwhdx,
rt,jacquesdoucet,lsu,joe,burrow,calls,vanderbilt,win,worst,game,played,season,burrow,threw,6,touchdown,passes,new,
rt,jacquesdoucet,lsu,joe,burrow,calls,vanderbilt,win,worst,game,played,season,burrow,threw,6,touchdown,passes,new,
rt,badam___,clyde,edwards,helaire,said,get,lsu,fired,11,a.m,kickoff,vanderbilt,lsu,assistant,s,amp,c,coach,connor,nei,
rt,pguy_77,win,utah,st,coach_edorgeron,improve,record,30,9,lsu,769,win,les,miles,lauded,
rt,jacquesdoucet,lsu,joe,burrow,calls,vanderbilt,win,worst,game,played,season,burrow,threw,6,touchdown,passes,new,
rt,lsufbrecruiting,time,week,wallpaperwednesday,lsu,wrts,https,t.co,yog44nmlug,
rt,emilyvdixon,lsu,qb,joe,burrow,23,30,394,yards,six,touchdowns,wr,ja'marr,chase,10,receptions,229,yards,four,t,
rt,brucefeldmancfb,look,back,eventful,first,month,season,two,nfl,assistants,made,huge,impact,lsu,ohi,
y’all,go,vote,artist,groovin,2020,lsu,lsu23,https,t.co,yjqplaixsj,
rt,jacquesdoucet,lsu,joe,burrow,calls,vanderbilt,win,worst,game,played,season,burrow,threw,6,touchdown,passes,new,
rt,lsufballtruth,sec,3rd,conversion,leaders,1,lsu,2,alabama,3,auburn,4,florida,5,georgia,6,texas,amp,m,7,mississippi,st,
new,pick,ups,available,sale,various,shops,info,bio,get,closer,lo,https,t.co,ya40gmuhfq,
ed,orgeron,says,thinks,stephen,sullivan,well,wide,receiver,going,keep,position,lsu,
rt,brodyamiller,joe,burrow,says,talks,headset,drives,steve,ensminger,working,next,drive,joe,br,
rt,jacquesdoucet,lsu,joe,burrow,calls,vanderbilt,win,worst,game,played,season,burrow,threw,6,touchdown,passes,new,
rt,badam___,clyde,edwards,helaire,said,get,lsu,fired,11,a.m,kickoff,vanderbilt,lsu,assistant,s,amp,c,coach,connor,nei,
rt,jacquesdoucet,lsu,joe,burrow,calls,vanderbilt,win,worst,game,played,season,burrow,threw,6,touchdown,passes,new,
rt,lsufbrecruiting,time,week,wallpaperwednesday,lsu,wrts,https,t.co,yog44nmlug,
rt,lsufballtruth,lsu,vs,utah,st,next,qb,utah,st,jordan,love,1st,round,talent,take,minute,watch,arm,tal,
rt,jacquesdoucet,lsu,joe,burrow,calls,vanderbilt,win,worst,game,played,season,burrow,threw,6,touchdown,passes,new,
rt,jacquesdoucet,lsu,joe,burrow,calls,vanderbilt,win,worst,game,played,season,burrow,threw,6,touchdown,passes,new,
geauxtigers,lsu,joe_burrow10,heisman,tigers,yall,geaux,vote,joeburrow,https,t.co,mkymkcvg6x,
much,food,mikethetiger,eat,find,amp,8pm,talkin,tiger,football,presented,part,https,t.co,dxj8d1m2nj,
rt,bkubena,ed,orgeron,recalls,whole,coaching,staff,went,ja'marr,chase's,house,convince,sign,lsu,s,
rt,bkubena,lsu,quarterback,joe,burrow,said,record,breaking,performance,vanderbilt,worst,game,season,https,
rt,jacquesdoucet,lsu,joe,burrow,calls,vanderbilt,win,worst,game,played,season,burrow,threw,6,touchdown,passes,new,
lsu,joe,burrow,calls,vanderbilt,win,worst,game,played,season,burrow,threw,6,touchdown,passes,https,t.co,0lfta1sol5,
rt,_optimuslife_,vote,joe,burrow,lsu_hq,lsureport,lsu,lsufootball,lsubarstool,lsufbrecruiting,lsuandsaints_,lsusports,lsufbequ,
rt,brodyamiller,joe,burrow,says,talks,headset,drives,steve,ensminger,working,next,drive,joe,br,
rt,brodyamiller,joe,burrow,says,talks,headset,drives,steve,ensminger,working,next,drive,joe,br,
rt,lsufballtruth,sec,3rd,conversion,leaders,1,lsu,2,alabama,3,auburn,4,florida,5,georgia,6,texas,amp,m,7,mississippi,st,
rt,guhdasshim,sundayfunday,palace,4,30,till,10,00,lsu,su,come,first,college,day,party,free,bbq,liquor,shuttle,
rt,bkubena,lsu,quarterback,joe,burrow,said,record,breaking,performance,vanderbilt,worst,game,season,https,
vote,joe,burrow,lsu_hq,lsureport,lsu,lsufootball,lsubarstool,lsufbrecruiting,lsuandsaints_,lsusports,https,t.co,nr45az4pwm,
rt,bkubena,ed,orgeron,recalls,whole,coaching,staff,went,ja'marr,chase's,house,convince,sign,lsu,s,
ed,orgeron,says,tackling,footwork,want,things,work,missing,https,t.co,smbs0ythug,
icymi,lsu,alum,radioman,amp,podcaster,t,bob,hebert,joined,scott_1420,breakdown,things,lsu,football,t,https,t.co,zn863pbzs7,
played,enough,football,life,think,able,catch,quickly,toddmcclure62,talks,t,https,t.co,da2seetpc0,
rt,pguy_77,win,utah,st,coach_edorgeron,improve,record,30,9,lsu,769,win,les,miles,lauded,
ed,orgeron,recalls,whole,coaching,staff,went,ja'marr,chase's,house,convince,sign,lsu,h,https,t.co,7m2sr3tqxt,
rt,realjsibley,lsu,defensive,coordinator,dave,aranda,coachdavearanda,coaches,linebackers,group,tackle,drill,https,t,
rt,sheadixon,mel,kiper,nfl,live,talking,nfl,draft,2020,nobody,country,position,helped,stock,year,
